{"cameraMode":{"drawMode":0,"name":"Shaded","section":"Shading Mode"},"sceneLighting":false,"audioPlay":false,"sceneViewState":{"showFog":true,"showMaterialUpdate":false,"showSkybox":true,"showFlares":true,"showImageEffects":true,"showParticleSystems":true},"in2DMode":false,"pivot":{"x":0.39894482493400576,"y":2.3348536491394045,"z":-4.1878437995910648},"rotation":{"x":0.20581451058387757,"y":0.19261188805103303,"z":-0.04135632514953613,"w":0.9585655331611633},"size":10.200303077697754,"orthographic":true}