{"cameraMode":{"drawMode":0,"name":"Shaded","section":"Shading Mode"},"sceneLighting":false,"audioPlay":false,"sceneViewState":{"showFog":true,"showMaterialUpdate":false,"showSkybox":true,"showFlares":true,"showImageEffects":true,"showParticleSystems":true},"in2DMode":false,"pivot":{"x":-0.3999999761581421,"y":3.3400001525878908,"z":6.769999980926514},"rotation":{"x":0.18907319009304048,"y":-0.4118920564651489,"z":0.08779202401638031,"w":0.8870735764503479},"size":9.053799629211426,"orthographic":true}