{"cameraMode":{"drawMode":0,"name":"Shaded","section":"Shading Mode"},"sceneLighting":true,"audioPlay":false,"sceneViewState":{"showFog":true,"showMaterialUpdate":false,"showSkybox":true,"showFlares":true,"showImageEffects":true,"showParticleSystems":true},"in2DMode":false,"pivot":{"x":-22.36590003967285,"y":1.185272216796875,"z":14.96548080444336},"rotation":{"x":-0.18252775073051454,"y":0.8158140778541565,"z":-0.4157518148422241,"w":-0.35817328095436098},"size":46.100502014160159,"orthographic":false}